Workbook

Sheet Lista de materiales
A1: Sistema de transporte de carga por cable · Lista de materiales
A2: Cantidades para una línea de hasta 200 m medidos a lo largo del cable. Rev. A, 11-10-2026. Las láminas (L2 a L8) están en planos-y-materiales.pdf.
A3: Para llenar: las celdas amarillas (Proveedor, Precio unitario y ¿Comprado?). El total se calcula solo. Ejemplo: Proveedor «Ferretería del pueblo», Precio unitario 12,50.
A5: Código | B5: Grupo | C5: Material | D5: Especificación mínima | E5: Cantidad | F5: Unidad | G5: Lámina | H5: Nota | I5: Proveedor | J5: Precio unitario (USD) | K5: Total (USD) | L5: ¿Comprado?
A6: A1 | B6: A. Equipo motriz y eléctrico | C6: Winche eléctrico de tambor | D6: Tracción de 500 kg o más; 220 V monofásico, 60 Hz; unos 2,2 kW (3 HP); freno electromagnético de resorte que frena al cortar la corriente; tambor para 230 m de cable 5/16"; botonera con paro de emergencia; IP54 o mejor; servicio S3 de 25 % o más | E6: 1 | F6: u | G6: L2, L4 | H6: Comprar | K6: =IF(J6="","",E6*J6)
A7: A2 | B7: A. Equipo motriz y eléctrico | C7: Caja del tablero | D7: IP65, unos 400 × 300 × 200 mm, con riel DIN | E7: 1 | F7: u | G7: L8 | H7: Comprar | K7: =IF(J7="","",E7*J7)
A8: A3 | B8: A. Equipo motriz y eléctrico | C8: Breaker bipolar Q1 | D8: 25 A, curva C, 10 kA | E8: 1 | F8: u | G8: L8 | H8: Comprar | K8: =IF(J8="","",E8*J8)
A9: A4 | B9: A. Equipo motriz y eléctrico | C9: Interruptor diferencial bipolar ID | D9: 30 mA, 25 A o 40 A | E9: 1 | F9: u | G9: L8 | H9: Comprar | K9: =IF(J9="","",E9*J9)
A10: A5 | B10: A. Equipo motriz y eléctrico | C10: Contactor KM1 | D10: 25 A en AC-3, bobina 220 V, con contacto auxiliar NA | E10: 1 | F10: u | G10: L8 | H10: Comprar | K10: =IF(J10="","",E10*J10)
A11: A6 | B11: A. Equipo motriz y eléctrico | C11: Paro de emergencia S0 | D11: Hongo rojo de 40 mm con enclavamiento, contacto NC | E11: 1 | F11: u | G11: L8 | H11: Comprar | K11: =IF(J11="","",E11*J11)
A12: A7 | B12: A. Equipo motriz y eléctrico | C12: Pulsador de marcha S1 | D12: Verde, contacto NA | E12: 1 | F12: u | G12: L8 | H12: Comprar | K12: =IF(J12="","",E12*J12)
A13: A8 | B13: A. Equipo motriz y eléctrico | C13: Luz piloto H1 | D13: 220 V | E13: 1 | F13: u | G13: L8 | H13: Comprar | K13: =IF(J13="","",E13*J13)
A14: A9 | B14: A. Equipo motriz y eléctrico | C14: Portafusible y fusible F2 | D14: 2 A | E14: 1 | F14: u | G14: L8 | H14: Comprar | K14: =IF(J14="","",E14*J14)
A15: A10 | B15: A. Equipo motriz y eléctrico | C15: Tomacorriente y enchufe industrial X1 | D15: 2P+T, 32 A, IP67 | E15: 1 | F15: juego | G15: L8 | H15: Comprar | K15: =IF(J15="","",E15*J15)
A16: A11 | B16: A. Equipo motriz y eléctrico | C16: Cable de fuerza | D16: Flexible de 3 conductores (2 fases y tierra) para intemperie. 10 AWG hasta 39 m; 8 AWG de 40 a 62 m; 6 AWG de 63 a 99 m; 4 AWG de 100 a 158 m | E16: 40 | F16: m | G16: L8 | H16: Ajustar a la distancia real | K16: =IF(J16="","",E16*J16)
A17: A12 | B17: A. Equipo motriz y eléctrico | C17: Varilla de puesta a tierra | D17: Copperweld 5/8" × 1,8 m con conector | E17: 3 | F17: u | G17: L8 | H17: Tablero y cada anclaje del portante | K17: =IF(J17="","",E17*J17)
... A83: I6 | B83: I. Arrastre e izaje (modos B y C) | C83: Narria o carreta | D83: Para 500 kg, con punto de tiro | E83: 1 | F83: u | G83: L7 | H83: Opcional | K83: =IF(J83="","",E83*J83)
J84: Total general | K84: =SUM(K6:K83) -> 0

Sheet Resumen
A1: Resumen por grupo
A2: Se llena solo con los precios de la hoja «Lista de materiales».
A4: Grupo | B4: Ítems | C4: Ítems con precio | D4: Total (USD)
A5: A. Equipo motriz y eléctrico | B5: =COUNTIF('Lista de materiales'!$B$6:$B$83,A5) -> 16 | C5: =COUNTIFS('Lista de materiales'!$B$6:$B$83,A5,'Lista de materiales'!$J$6:$J$83,"<>") -> 0 | D5: =SUMIF('Lista de materiales'!$B$6:$B$83,A5,'Lista de materiales'!$K$6:$K$83) -> 0
A6: B. Cables y herrajes | B6: =COUNTIF('Lista de materiales'!$B$6:$B$83,A6) -> 14 | C6: =COUNTIFS('Lista de materiales'!$B$6:$B$83,A6,'Lista de materiales'!$J$6:$J$83,"<>") -> 0 | D6: =SUMIF('Lista de materiales'!$B$6:$B$83,A6,'Lista de materiales'!$K$6:$K$83) -> 0
A7: C. Carro de garruchas (taller) | B7: =COUNTIF('Lista de materiales'!$B$6:$B$83,A7) -> 9 | C7: =COUNTIFS('Lista de materiales'!$B$6:$B$83,A7,'Lista de materiales'!$J$6:$J$83,"<>") -> 0 | D7: =SUMIF('Lista de materiales'!$B$6:$B$83,A7,'Lista de materiales'!$K$6:$K$83) -> 0
A8: D. Accesorios de carga | B8: =COUNTIF('Lista de materiales'!$B$6:$B$83,A8) -> 3 | C8: =COUNTIFS('Lista de materiales'!$B$6:$B$83,A8,'Lista de materiales'!$J$6:$J$83,"<>") -> 0 | D8: =SUMIF('Lista de materiales'!$B$6:$B$83,A8,'Lista de materiales'!$K$6:$K$83) -> 0
A9: E. Trineo del winche (taller) | B9: =COUNTIF('Lista de materiales'!$B$6:$B$83,A9) -> 8 | C9: =COUNTIFS('Lista de materiales'!$B$6:$B$83,A9,'Lista de materiales'!$J$6:$J$83,"<>") -> 0 | D9: =SUMIF('Lista de materiales'!$B$6:$B$83,A9,'Lista de materiales'!$K$6:$K$83) -> 0
A10: F. Anclajes | B10: =COUNTIF('Lista de materiales'!$B$6:$B$83,A10) -> 8 | C10: =COUNTIFS('Lista de materiales'!$B$6:$B$83,A10,'Lista de materiales'!$J$6:$J$83,"<>") -> 0 | D10: =SUMIF('Lista de materiales'!$B$6:$B$83,A10,'Lista de materiales'!$K$6:$K$83) -> 0
A11: G. Herramientas de instalación y medición | B11: =COUNTIF('Lista de materiales'!$B$6:$B$83,A11) -> 8 | C11: =COUNTIFS('Lista de materiales'!$B$6:$B$83,A11,'Lista de materiales'!$J$6:$J$83,"<>") -> 0 | D11: =SUMIF('Lista de materiales'!$B$6:$B$83,A11,'Lista de materiales'!$K$6:$K$83) -> 0
A12: H. Seguridad y señalización | B12: =COUNTIF('Lista de materiales'!$B$6:$B$83,A12) -> 6 | C12: =COUNTIFS('Lista de materiales'!$B$6:$B$83,A12,'Lista de materiales'!$J$6:$J$83,"<>") -> 0 | D12: =SUMIF('Lista de materiales'!$B$6:$B$83,A12,'Lista de materiales'!$K$6:$K$83) -> 0
A13: I. Arrastre e izaje (modos B y C) | B13: =COUNTIF('Lista de materiales'!$B$6:$B$83,A13) -> 6 | C13: =COUNTIFS('Lista de materiales'!$B$6:$B$83,A13,'Lista de materiales'!$J$6:$J$83,"<>") -> 0 | D13: =SUMIF('Lista de materiales'!$B$6:$B$83,A13,'Lista de materiales'!$K$6:$K$83) -> 0
A14: Total | B14: =SUM(B5:B13) -> 78 | C14: =SUM(C5:C13) -> 0 | D14: =SUM(D5:D13) -> 0
A16: Los opcionales (control remoto, final de carrera, generador, narria) están incluidos: borra su precio si no los compras.
